{
  "code": 200,
  "message": "success",
  "width": 256,
  "height": 256,
  "change_ratio": 0.17904700338840485,
  "detect_time": 0.010999999940395355
}